{
  
  "5_2": [
    0.731456,
    0.745664,
    0.75232,
    0.755072,
    0.75808,
    0.764224,
    0.760064,
    0.764736
  ],
  "5_1": [
    0.666624,
    0.68672,
    0.6928,
    0.670784,
    0.69472
  ],
  "5_5": [
    0.736064,
    0.751424,
    0.761408,
    0.770624,
    0.768512,
    0.767616,
    0.77248,
    0.76864,
    0.774208
  ],
  "5_4": [
    0.784768,
    0.791744,
    0.788032,
    0.795264,
    0.79008,
    0.79328,
    0.79008
  ],
  "5_3": [
    0.7456,
    0.757824,
    0.768384,
    0.767296,
    0.778048,
    0.78784,
    0.789824,
    0.788928,
    0.787392,
    0.780096
  ]
}